feature1,feature2,sex,income
52.52033979934877,43.041700536077244,0,0
60.94562454613796,53.79610056414481,0,1
57.06955009920542,35.57111425942306,0,1
49.19184426836442,44.689408296213244,1,0
49.71510875489607,42.546066679622704,1,0
33.443606398299174,39.55074965377749,1,0
33.631981356892084,51.62085692646775,1,0
62.35431775756801,56.27328120273809,0,1
60.57427287114136,26.29114626693562,1,0
58.290984400183355,59.878344213079934,0,1
36.68252515601824,64.35065412002112,0,1
53.72794158529206,42.20455524640624,0,0
58.14535459695324,43.063035075355955,1,1
52.79240101221,43.482958517817664,1,1
42.35150771691897,42.73005174282943,1,0
49.89060948039914,33.029038567105445,1,0
52.91374456238584,43.55377868921527,0,0
29.472175668294746,48.51810709596358,1,0
30.676279125041916,72.03309815257758,0,1
66.00907991888916,47.522928015655026,0,1
42.49099634044182,56.01580045402179,1,0
52.2442003838225,58.246686246914294,0,1
32.28943197662818,64.78183935639002,1,1
59.41619013551491,46.58768778976579,0,1
59.940027883688465,43.95324818368081,1,0
50.5202065043962,52.123800860234894,1,1
41.878305282736704,47.08836229573659,1,0
51.430849370279944,41.926199437158886,1,0
69.52944553999507,41.96175351757255,1,1
58.27657509735199,44.85731028429359,1,1
48.01330866177097,52.305415868507296,1,0
55.065343913859174,44.651456772132995,0,1
55.7058470011986,36.037708697638095,1,0
31.335518472365248,60.1779596903596,1,0
56.98425134384372,36.81598617526534,0,0
44.53451703763525,50.95303399153618,1,0
33.412253749139694,56.59401789848495,1,1
62.322042374139116,57.356807637597335,0,1
43.00755935770925,36.55013331391591,1,0
52.39466988780435,37.630467415571545,1,1
27.474664852163507,41.292336235592614,0,0
40.150538748829675,40.88829939975155,0,0
61.10499865647384,59.28072006660689,0,1
41.99824701335896,68.90840420039166,0,1
60.89272246931099,46.84721812547856,1,1
75.24509276607495,48.58415580705662,1,1
53.80520305316303,38.8060912025409,1,0
62.84916784875083,66.13358929079484,1,1
46.46879819997553,47.55600164462489,1,0
52.94016399306631,60.82378711323443,1,1
54.21827286160877,43.929228086243,1,0
65.89895594810694,49.9207141254663,1,1
20.530957807159854,43.32058329540495,0,0
53.524229143843144,53.299587878404346,0,1
41.66858476671034,43.61969834347626,1,0
49.57175620924481,37.312489923987165,1,0
58.16081044113939,59.203961612544845,0,1
50.77374282760834,38.62399795035765,0,0
49.72785867622143,47.319674126723896,1,1
40.48891953257535,43.72337303973303,1,0
69.51929089517424,59.38411423873292,0,1
53.30863531066912,59.59508057023329,1,1
43.08945622606104,44.11846874679431,0,0
62.72910217247424,20.66229352770523,1,0
32.15061467127896,52.78079595573527,0,0
43.36661676487698,60.55054548942552,1,0
36.78790768143871,44.227790436178864,0,0
48.393467136339254,52.553281717450446,1,1
66.37121790001706,47.73306730101281,0,1
27.167613653849607,62.83739433701408,0,0
59.276455318033,55.177578157088405,0,1
60.38727059442183,42.665748331827615,1,0
68.89282454250252,56.067300025201064,1,1
43.43965241759345,52.11124776844667,0,1
43.33736613639209,33.89830202006566,1,0
48.33757927679169,48.903451508825405,1,0
40.258325718277774,54.45396772114286,1,0
54.011382612642294,56.69075254496365,1,0
43.48047845976615,55.59811761930761,1,1
63.69868223361911,37.36128439266284,1,1
41.8028497713261,62.23579659759274,1,1
53.47389841708555,44.35048473344779,1,0
22.170395676567797,40.24978615061486,0,0
52.90037803053902,50.41326831877003,1,1
54.052400255491456,44.49548127310788,1,1
80.96588896142549,64.1209637467759,1,1
71.91638255054987,51.45758639327657,0,1
31.87272034926857,49.06154383776634,0,0
61.10677684054092,63.61037360932807,0,1
69.72579904446933,64.82444028754637,1,1
47.973467371778504,60.251346045575815,1,1
36.630220418594455,65.41457194832253,0,0
47.712156560806186,48.66324085345188,1,0
51.337605740542294,41.842939519006556,1,1
47.77251786847979,54.60045390883556,1,0
50.53384272479022,50.431254309530495,1,0
61.851630314393404,36.808049472322004,0,0
47.52828387755601,55.88236794515059,1,0
35.779415028320685,50.74628009816848,1,0
48.06005207433375,58.6535870905007,0,1
36.9545110041589,39.09607801192561,1,0
51.814610634806385,57.25821148038797,0,0
35.089200763885266,46.41553810693325,1,0
60.07117823412373,42.552438432156116,1,1
58.88987749183643,42.8145729322096,0,0
62.354837695030696,57.34935974254316,0,1
48.51821466501771,53.42853465781648,0,1
63.163448375195195,55.04093831943942,1,1
28.713508754814804,72.21203394271961,1,1
54.329729280436354,46.16521981076113,0,0
50.17428952958102,62.327283420682846,0,0
53.27626217328415,57.96935925658596,0,0
38.669576526225384,44.130417900237155,1,0
36.24850607959697,46.65793001933551,0,0
36.40798731336677,36.36595752662486,0,0
43.04190389373834,50.17752546173286,0,1
43.61014945933322,58.70817551863464,0,1
47.605449062344164,48.44937955301521,1,0
53.49615331028385,65.53354699055895,0,1
57.499383929448385,35.526039079410594,1,0
74.398744669855,55.27568116112033,0,1
57.99887289705983,57.946412035736586,0,1
55.484632735405704,48.22013792048655,0,1
34.507975548521614,36.05440486673925,1,0
57.569527361278205,44.69419644352791,1,0
34.263709778830155,49.62282050234409,1,0
40.42072160504732,39.48958049713306,1,0
35.43953506653567,35.546001632192414,1,0
42.806783131918266,38.420663002686936,1,0
56.734288127536935,52.079296919616745,0,1
67.44495549359888,58.46853743179901,0,1
44.15770906807914,66.88822192302676,1,1
57.6339307958197,51.92192249458696,0,0
53.65169001048321,57.39759290697269,1,1
53.65181040302646,48.72642331878888,1,0
61.2643371674603,45.475757351909586,0,1
45.198377168069555,54.924373391541664,1,0
62.979401935351326,37.41703614749095,1,0
28.759729241211488,17.496665238042944,1,0
47.75079769064478,58.29273686566467,0,1
43.638015587978714,57.824660218746736,0,1
39.85083429200916,50.70864997055136,1,0
61.289567351829476,39.59532692110434,0,1
38.839358239281054,46.74486587005064,0,0
50.28565762777586,45.30929382056181,0,0
37.74465277785097,37.83214358918582,0,0
43.531636958323766,46.12915755525061,0,1
48.549663084715775,66.8288838894783,0,1
49.410736454769484,68.83811031184803,1,1
55.772623672009196,50.822029262627964,1,1
39.183489037359394,33.99810713237841,1,0
34.147539892701424,42.61284734457614,1,0
58.74739621580257,49.553723769335576,1,1
56.62306142368302,42.32652514061836,0,0
41.21501209030495,61.322873748389384,1,1
49.542892453541725,56.7396515171005,1,1
52.28187288960955,61.812216342206014,0,1
50.24479669851911,47.82344878861883,0,1
55.61573470571105,49.21613300270607,1,1
56.495813316461735,46.719435493232396,0,0
51.93670018348169,59.34274017636547,0,1
62.95148544195343,55.218912341350844,1,1
55.39950900755103,53.44774972592295,0,1
64.3388446819627,46.588002673067045,1,1
48.99304127182823,41.158908589700786,0,0
64.0904596641209,54.22143692195263,1,0
32.0684649754585,42.844555802414725,1,0
34.206548379297395,42.639347814593506,1,0
44.08650620201722,58.266517974324316,0,0
36.90012488268232,38.760988750771155,0,0
53.72081478667386,57.56727002853428,1,1
39.84492561186679,54.44874916677123,0,0
42.29382049874661,53.74907686300776,1,0
40.73760887411449,50.3094808826783,0,0
51.7769804579024,57.18490297317129,1,1
66.68808081300705,49.95518203623209,1,1
50.4052294231701,55.99643640725035,0,1
68.06858884146511,65.38265640912036,0,1
62.56878031674922,41.293572090333335,1,0
58.59414254759453,42.17458713673555,1,1
50.5461178291007,47.06433163409114,1,1
52.67136296461731,68.01045196539334,0,1
38.70935578167698,48.702091707953066,0,0
72.68991611659453,39.57224943243581,1,1
51.926191475869366,37.49974344412396,1,0
54.04941353815343,47.21335228575412,1,0
55.66607832835089,44.73834628939812,0,1
44.24691391598206,56.416252324412085,0,0
67.123046874376,46.82771611778524,1,1
49.21247113755359,67.44010234075733,1,1
42.23305947027856,39.465309659267234,0,0
65.0187913379632,47.66120396686632,1,1
61.086744199557245,47.93245596570729,1,1
49.18125822809161,42.37418570502952,1,0
59.7533573488876,38.46739827324741,0,0
57.86017290814208,57.884989473510196,1,1
36.70640941065936,38.058413439086834,0,0
54.18215078266197,49.048494879432205,0,0
55.47539820169053,33.399318505943036,1,1
31.337540651504106,60.018704135410886,0,0
53.20058191493244,40.108454820070136,0,0
70.4034659890649,50.302836365529636,0,1
73.44053778832625,47.565189303671,1,1
63.07964192549343,48.66684193481894,0,1
61.24095894701625,66.72989702844953,1,1
54.60197681230041,56.00913782415334,0,1
54.308460051697466,40.95408786286926,0,0
58.652711572945464,36.019179600812166,1,0
58.410412769616194,68.57590876649665,0,1
46.16582058031068,61.52934176974773,0,1
38.310190897875,40.56059356667563,1,0
47.7532009837013,62.938176908147256,1,1
49.03346090381859,51.10549119552131,1,1
56.61736612096948,53.4444494435058,1,1
56.54355690596218,55.09501382824406,1,1
36.91315869010861,47.6915103209629,0,0
53.1006882387515,39.75105100619133,0,0
63.495463138337435,58.829248055867524,1,1
37.53659706379126,44.2494180381263,1,0
40.49847469948128,50.21626630593565,1,1
60.88092463208589,35.2438725361706,1,0
54.613307130354215,16.704962024918707,0,0
57.903490086922886,62.74059643266796,1,1
42.63098647768201,36.67874234723352,0,0
67.18439615602713,46.61091454324166,0,1
57.27122481485493,58.5835123300539,0,1
51.243761223009294,31.7183507207286,1,0
52.31528480217519,68.58802635580516,1,1
51.63924063593429,58.45406556782056,0,1
54.52874326794891,48.25637163587466,1,1
61.58667023341302,47.79790470365923,1,1
50.439005331233886,45.318754662038096,1,0
54.82712760556138,50.68823657704649,1,1
75.08306273056563,42.587446324905166,1,1
61.70192334070562,49.33041109684754,0,1
57.675090818172976,41.203261865853634,0,1
46.71110503329191,40.67051529826979,0,0
56.10235005693996,40.16896852855851,1,0
61.37857775969372,48.19346617954279,1,1
56.184623923882185,44.636539730434784,0,0
62.359432022281034,44.44874844196388,1,1
48.95448611431473,46.0869689605954,1,0
53.99004759243852,67.03727154697238,1,1
48.91383345061658,54.82929945177587,1,1
44.08853170074389,45.11987196827914,1,0
38.034849518490674,46.07241047583191,1,0
50.32863373980213,47.64019901133054,0,0
55.881379513426594,41.85795322614624,1,0
34.26787060438293,60.99415601792937,0,0
42.278510362880574,46.096958508883006,0,0
42.75467730965751,26.907959785911512,0,0
52.22716062600965,50.347412335390246,1,1
62.07503194951921,30.482573909895507,0,0
43.15003849873607,49.29366020348026,0,0
71.84230601754902,57.76087372862565,1,1
44.55725567075462,28.66815572371856,1,0
52.07920067383957,74.1835575357245,0,1
42.0370981100791,59.3798960029134,0,1
58.08988609229009,58.600850677428205,0,1
38.903906320969696,57.51563225402171,0,0
47.40278828923468,66.82662914648114,0,1
50.73886936124554,47.15860445311033,1,1
57.833042370887135,36.42301273132448,0,1
33.16617866957174,41.00142028364732,0,0
41.787136159271405,70.9884123035244,0,1
62.36204978259596,62.556775257411005,0,1
53.147625614551636,59.49166070238161,1,1
48.5551215855557,46.95934741934242,1,0
43.700299681443106,53.13238249000712,0,1
45.43300855306487,47.54180873288942,0,1
27.716575600502196,56.882851084882326,1,1
56.467439354186446,45.38024402028716,1,1
55.28634815334559,51.34583284812247,1,1
50.11736369721936,58.79307292708977,0,1
51.227289077054834,48.20797345680859,0,0
54.54875800663844,42.33520227091431,1,0
46.95377351645264,34.59567282875703,0,0
31.60362127437697,64.55498292078943,0,0
54.33452441699481,53.408645992482214,1,1
45.10533004658009,44.1983627787548,1,0
34.894539496305036,61.762257067585296,1,1
48.79502586100641,54.49712607496508,1,0
53.67199798775388,70.44938798031026,0,1
39.81157530625348,50.11168009506328,1,0
58.65872588584343,46.766463305612845,1,1
57.63902908575644,48.147340850696416,1,1
46.46209268857686,41.36401607268182,1,0
52.26542750930996,42.899749131848985,1,1
44.08784380757626,62.09531401136269,0,1
38.23301814229094,54.42562429022807,0,0
41.568976953371305,50.51076304465079,1,0
71.71192861062495,40.39553046016118,0,1
44.762957171104745,55.93336599631363,0,1
34.227703638678776,73.8038774616449,1,1
57.07678244027243,48.91666116755411,0,1
49.95737062356124,51.24867610195479,0,0
65.98110895751759,66.17358697445054,1,1
28.202113386097544,64.46822840111534,1,0
64.55401337726192,46.86047813084139,0,1
48.46916266990345,47.9780966461238,1,0
38.9867337123029,65.27132384155131,1,1
57.61192372701509,51.33166489362706,0,1
35.89197714909041,53.65396208236193,0,0
61.46962868255169,60.286987158898995,0,1
54.00368289462561,75.27010418328605,1,1
33.45489605087254,43.88171183260097,0,0
46.47406902935593,44.71549002099609,0,0
53.80336650315883,59.9938094639279,0,1
61.26393449722066,58.742401692332415,0,1
60.9958446432767,49.45253604323784,0,1
76.02479874874314,51.25408679475844,0,1
52.235237625415365,55.201764216002715,0,1
73.33035562111468,53.99546841015706,1,1
41.40540276551983,39.558128211359765,1,0
52.522130033628635,61.53327763396889,0,1
53.424508791769014,73.93012294766787,1,1
39.121624522863804,55.20677767080074,1,0
44.72636662279891,47.172067898906754,1,0
51.704009940620104,45.25043295478623,0,0
40.09986286096861,49.6208532186723,1,0
42.246209703273934,46.486650645442886,1,0
43.43289600223533,34.28510812423727,1,0
54.13372029130396,23.200155140355314,0,0
71.57215887447737,60.18624510033811,0,1
49.61738717535844,45.05089804509698,0,1
51.48760733335696,40.65994497937285,1,0
29.129307542904836,66.88157052902791,0,1
57.35655143641369,36.16140981004154,1,1
20.266938287074424,43.32615945639872,1,0
35.56071077507773,36.165326875440144,1,0
47.76060575686726,39.9565973770041,0,0
48.18266462384094,26.224301700728976,0,0
62.20715195495441,53.64426077135348,0,1
58.264531108587626,49.220919536686814,1,1
51.88453596429283,52.032477313054,0,0
49.48287209439729,45.53273134277171,0,0
55.91571018453098,50.18118477625871,1,1
52.20129187487776,53.654318428247095,1,0
41.492172513718465,38.45363051115272,0,0
44.661553561850816,50.46681734161961,1,0
40.121419263677595,50.19259309031212,1,0
63.476780855126236,47.86703424367922,0,1
53.012424800913905,56.04024846949552,0,1
54.345400972542905,59.613603598188135,1,1
42.19195048421007,47.791457198704485,1,0
48.40671422490649,43.514783704953466,1,0
46.135051096772095,43.23660284236455,1,0
66.0284424717797,53.11261699667505,1,1
47.337870495935086,42.743825434367125,0,0
33.95195689101937,38.557451837353796,0,0
59.03891400636002,48.49416451625072,0,1
59.07532300792697,44.81374998735617,1,1
26.44081075067678,29.321816235226986,0,0
64.06232359262553,45.171993113150506,0,1
43.57872826168396,53.0941618514205,1,0
50.80319572625212,31.079150744150745,1,0
51.65384769023863,40.32343571711479,0,1
45.41601636787206,42.86287536134398,0,0
38.43872632848968,55.76228719595626,1,1
42.612612746950724,45.603179910815506,1,0
39.10486591726544,48.35786215958505,1,0
54.637230575571145,56.01236788151673,1,1
48.47270055019844,39.16334166571907,1,0
60.26087440960004,53.47916078120883,1,1
49.85055920578926,59.37406282469496,1,1
53.68917202908247,69.75705101230074,0,1
56.259320959729024,35.100637953597776,0,0
48.79498941776676,41.96590540207563,0,0
69.88884638754854,67.25998002094337,0,1
60.12942884669781,74.75313800936102,0,1
39.48452441659839,48.18054561657581,1,0
41.86875906153614,60.876069851989534,1,0
48.70702542964492,69.19281300144459,1,1
55.080122910545995,59.559380601783104,1,1
63.332105613800444,44.80974281081851,0,1
58.219214824159,54.52289992570918,1,1
53.625430910929616,63.5929142433651,0,0
56.90700889348637,45.268168936928866,1,1
38.71648662489223,58.259522089259455,1,1
69.3809489939314,43.55492298124328,1,1
51.63447746617477,59.94002039506278,1,1
38.184334208975876,55.11555528522005,0,0
60.44980495133194,55.81373059338924,0,1
58.209085211691075,56.437340011921094,0,1
53.496497571474734,61.16430748782207,0,1
46.269413323360844,50.20029748824348,0,1
58.380140545363105,63.12207993601532,0,1
47.63147950877822,46.818192824733174,1,0
46.5283851758155,44.76895693115504,0,0
48.75451520313576,46.349449671950296,0,0
32.697778738545146,70.08909419096128,0,1
53.162737802597135,53.33945047999039,1,1
55.02574774371437,44.597144721043165,0,1
49.505334286767486,56.27702394551922,0,1
54.89211824664301,53.8602461870856,0,0
52.58202734701137,51.3822523650184,0,0
40.88217712331358,50.347692480944566,0,0
46.09111732827611,47.597911289974796,0,0
60.60800071805947,71.43444818543648,1,1
56.86827495452839,39.62673801698657,1,1
66.03866067267866,46.50301254641249,0,1
42.03218767330824,63.33935639887948,1,1
50.05205261894946,62.287280552289204,1,1
43.30903239862287,53.60860609565681,1,0
59.63226533893939,55.2000438080081,1,1
35.85536988633679,61.58565492822322,0,0
62.10166095365319,53.49012268628079,0,1
50.094263605637735,56.12411652915375,0,1
49.549555215448464,59.240981288407895,1,1
53.777117601138336,61.28002626201508,1,1
37.81823933192681,46.81583146281696,1,0
41.75266020497637,59.86761617482823,0,1
45.03123872658472,49.64242355626486,1,0
43.883068782982015,58.20967139312996,1,0
39.15032012519523,43.515851910411875,1,0
66.76423417844073,32.03723433222464,0,1
48.12925730077279,70.60341543836832,1,1
49.357962050472864,66.75129939690225,1,1
58.18548716439999,57.848886874941854,0,1
35.43142371751962,45.52754895212693,1,0
54.080960585699444,57.18331543194246,1,1
51.69693157971284,46.49326606341403,0,0
46.55365162991844,43.70132650862625,0,0
56.4760598256707,46.45149268648184,1,1
48.55314239257657,52.000940591283936,0,1
53.56477104669492,44.5986096053639,0,0
50.44064634912937,44.36446818751299,1,0
56.25110546248948,41.203936908360106,0,0
63.25500219721256,72.32346033185738,0,1
49.776914610875686,52.65257023580402,1,1
46.639333034942595,54.64263743235793,0,0
43.42041872334489,62.56221344441359,0,1
71.77320381042222,31.357301627435277,1,1
56.98399121329401,46.91238208806617,1,1
49.28414307106121,57.834681062089174,1,1
54.43892839042886,35.91096095574595,1,0
51.51216221337547,54.156633725386065,1,0
63.4133006954968,37.98464605260713,0,1
31.88360152881613,53.234523642603904,0,0
36.14073334029754,59.363373808293304,1,0
48.17281538185672,53.06619786981922,1,0
30.871486466521706,51.37758405174037,1,0
28.373209894854703,50.48716679393807,0,0
50.9600926799705,50.840101909243515,0,0
63.42956331631226,51.93050802958115,1,1
63.22926160335532,56.67355284454678,1,1
55.09887247921195,50.96866032475876,0,0
49.227782884015745,60.87940253268552,1,1
40.9559949766913,45.21307811060809,0,0
37.334611710550284,34.7655794186438,1,0
60.92959110896668,42.116907352250365,0,1
55.069763458281415,55.9600867298612,1,1
48.044067631507744,68.37942029992276,1,1
52.79821595944277,52.09926052412998,0,1
39.674667237905894,58.02727572437698,0,0
36.33788409097774,51.88478991089487,0,0
38.46517469111356,45.72165784282127,1,0
70.54095582923644,52.565773958493075,0,1
38.25857627518886,33.363100218036166,1,0
60.750212145109096,42.24517351315586,0,0
57.93262495955031,56.95166017618256,0,1
45.71854669007195,44.40774202044789,1,0
37.28715750885898,43.312217612188775,1,0
44.13077394554905,42.03868494457045,0,0
60.270703006441394,20.63799056221885,0,0
40.288101308620085,41.912058815835685,1,0
57.536442816334635,25.87449182080189,0,0
43.09987400185415,71.12089327252909,0,1
26.640693029449032,48.063163399556196,1,0
36.72492509462569,40.77975674822818,0,0
47.91082042629128,49.52941459225613,1,0
48.64126951636204,47.213210971604425,1,0
38.694795439670386,55.236847413791644,1,0
49.58339976618665,59.4686146164618,1,0
47.305062442960136,59.219366012853556,1,1
66.78573964348757,35.915685096316395,0,0
43.99795775414372,45.833080132042646,1,0
50.765180622437114,49.36250078320822,1,0
55.29299933943669,53.742167348024786,1,1
59.95302900529223,41.50719038089908,0,1
48.54155567027811,24.897778589595873,1,0
57.952342492571816,58.634140715616105,0,1
38.69012611514414,50.12654464148655,1,0
74.45769569113685,47.604756830889315,0,1
62.098939600191045,70.79156698466804,0,1
56.96189715826246,75.97437207375225,0,1
66.0370185546693,47.426834994107324,1,1
73.98449285588069,59.2398267912015,1,1
49.48081641223939,47.84430538640231,1,1
55.205124966282796,57.32218073090995,1,1
66.77965836968697,41.17610696921379,1,1
54.021978249123514,41.41524108827358,0,1
50.55396911783334,47.19130754202342,0,0
62.9592786157375,50.62179229812288,0,1
39.585470482251814,54.69596483294401,1,1
57.077916141550176,58.930774345656914,0,1
41.46433715297394,61.07272972003804,1,1
59.243573680260056,57.20013531836252,1,1
49.218909898872106,61.90361419752066,0,1
55.053933762204636,39.03374955852682,0,0
57.59442173822583,58.601852107818445,0,1
45.7552408240822,58.498203653189066,1,0
54.59475058969009,57.09029775318304,1,1
57.20639231357267,50.098137403964046,0,1
33.32334733809138,60.86863489721836,0,0
51.335654155359784,51.3493953016325,0,0
52.12726121191785,47.89511969462966,1,0
45.84908663274671,41.602025926512994,0,0
45.24676582317811,52.41078976405813,1,0
65.58349960141977,55.50556932826232,0,1
47.577119018216116,37.563268858111584,0,0
73.59614259100104,66.35047670619458,1,1
42.815160148388834,36.169821912555264,0,0
65.75720450373765,50.192034209655475,1,1
46.33282331423967,71.42711034464186,0,1
38.33177230465934,48.61432376602589,1,0
50.565076744292675,70.92098571617909,0,1
62.98693290993424,40.72285707715632,1,1
38.87813698721442,55.73767761144585,0,0
49.16589265253439,25.174560140891614,0,0
68.05668878116265,44.15590225311761,0,1
52.824497640556004,34.56369478126315,1,0
50.143819962442656,49.84134081546487,1,1
53.90172192880085,46.10237863883569,1,0
48.5968377195284,47.870213434497884,1,0
32.28577448556156,50.67470025257223,1,0
36.361320663706586,49.18263323968506,0,0
43.930365541273645,53.081283365365046,0,1
39.43691869524247,47.982256237008414,1,0
45.0919353350358,41.35827920826035,0,0
54.91003945957753,49.84312033243062,1,1
44.04694302306018,36.81723707970058,0,0
51.5709865064383,48.28828804758465,0,1
48.18354861093766,52.05184890736184,1,1
43.103444950990564,62.90425324616862,0,1
41.7169746042311,41.48885213165613,0,0
61.57519605809958,38.585842077727804,0,0
52.945768005403195,52.20323291690918,0,1
58.329454428250415,54.92609486813053,0,1
66.12311527903549,50.4323168964489,1,1
45.66649444915474,66.692469423765,1,1
37.916964843406674,71.32146460143701,1,1
49.97084848585205,45.52637050838784,1,0
52.208417702903525,63.72749666248873,1,1
43.17064893684814,32.055564149110985,0,0
48.747133772305624,41.833869701790135,1,0
80.4068695415944,44.14554979080032,1,1
49.35689549880754,63.653287482758216,1,1
34.748145633378016,46.40159539219612,1,0
34.666079110812696,69.47304228889675,0,1
56.56116201860271,56.74144005119989,1,0
51.045422455492165,35.117417871769675,0,0
56.420450918935614,58.596950512977656,0,1
54.39842886472828,60.416667330833505,1,1
44.13714950447848,44.789110378690836,1,0
47.19888992249994,51.870689379766,0,0
46.99464014821232,38.44991502600097,1,0
44.28097150190076,49.97888320015176,1,0
43.53471520523485,59.248262123767375,0,0
58.58373231972127,42.58179358298242,1,0
52.165547383782055,43.662113542221995,0,1
61.40785800452474,65.89563332862578,1,1
38.77098843923167,53.10153826101507,0,0
39.966981690245035,59.90299547099524,0,0
47.33452695719253,42.12241742379561,0,0
44.761568296866045,39.81962328077185,0,0
51.06072576386838,46.58479584994695,1,0
55.465897256886386,63.114808189602954,1,1
46.92539099984858,44.59236645022778,1,0
41.70856514556595,65.20600901763211,0,0
53.366014275621666,45.689988941670606,1,0
46.88292407532786,51.96637741750245,0,0
64.23898937246851,54.91814401087963,0,1
46.34219254697994,50.39864207491586,0,0
58.34055451849369,35.51875224723132,0,0
63.869598902732804,57.24075050744304,0,1
52.37875156348868,66.1806848116604,0,1
52.04153871996027,28.76621461601772,1,0
63.44685173230615,35.956835833038305,1,1
35.9638378892819,47.85497433175781,1,0
42.408164538324954,43.41824725862896,0,0
54.05850266692899,55.858129835546556,1,1
47.02050635186777,56.69868037904822,1,1
49.22714762533705,53.13123417192992,0,0
64.93928143642198,42.99882408184587,1,1
52.705134754664,55.847253470359405,0,0
58.43951400518931,63.35104617268624,1,1
43.12215705174569,37.15628024490801,0,0
57.6921527722905,57.16262496468529,0,1
51.31551640177496,52.3664691267285,0,0
59.46551361423474,58.01639716903692,0,1
62.228079221334085,23.94423244311467,1,0
40.57224759769525,45.23982252401057,1,0
51.546485432366254,50.89228286874749,0,0
42.51990513399465,52.898111955666195,1,0
43.883948537954154,44.77218783433829,0,0
63.10194856054301,37.91807541641961,0,0
65.42888105539119,56.54688493008145,1,1
35.9994346283662,49.9353840592096,1,0
60.73366582444972,42.704270667796095,0,1
45.02947513164318,54.40756754438764,1,0
53.25251675854344,54.166590605485936,0,1
52.2732590682319,48.177581758214615,1,0
41.861863580710704,54.5507557572037,0,0
48.864181317692115,57.93639294330103,1,1
64.71400348166522,38.70184969735437,1,0
44.20871162993124,44.20694691420957,1,1
42.90971097685028,47.3899651064832,1,0
58.22342298687552,50.09511839940994,0,1
40.022422173406454,57.64292581420433,0,0
57.85992812703132,52.665216499782005,0,1
50.15908658399631,42.527826915132565,1,0
57.47058827824123,50.78573220961126,0,1
48.8963524070814,60.94934055641929,1,1
60.61509157175844,38.31509107900733,1,1
19.174378248567624,48.926531775490375,0,0
42.41836180500072,46.45319640069242,0,0
47.230409057728345,59.08445165645772,1,1
62.37738105749225,54.819016320403385,0,1
44.557117068445145,54.70392742009157,1,0
29.789976791237564,48.10018576502922,1,0
52.192041876335885,45.112002016490685,0,0
52.230203029621634,70.72598540762519,1,1
55.08087714420786,32.42576629597245,0,1
55.49126675558365,47.51276575917468,1,1
57.01255639443369,41.961968199029144,1,1
46.33397430161256,49.29480447272581,0,0
44.14049231286188,43.395526319924166,1,0
48.29827468599216,46.460486123262314,1,1
43.75227417222385,62.18665210788921,1,1
37.57128413936865,52.66215260152907,0,0
56.280786969002484,53.620245509884654,1,0
47.065685976866874,50.79788431432324,1,1
57.57056001819417,51.26770601142113,0,1
40.40645039351877,54.4228163833031,0,0
51.426884122016304,67.63298800299569,0,1
61.138623979822206,45.3389180045582,0,1
44.56016586627317,61.24414149970889,0,1
48.87018876893389,70.86264100808081,0,1
43.967031512218455,61.17632441603958,0,1
52.42602813054941,69.72524773046905,1,1
43.77386100040681,42.78303545984557,0,0
68.14252827700275,43.76819684691936,0,1
40.22927853858599,47.55784959824331,1,0
54.530396565720594,39.411419911420055,0,0
59.71930343440634,49.277073402855144,0,0
48.46499304430216,58.09846061119427,0,1
47.71848650711766,46.784123155742925,1,1
39.418535687055886,55.596615703243685,1,0
47.58685096255272,46.40307334299177,0,1
49.68658847330278,47.50878996511281,1,0
43.715573108446534,41.20160693899013,0,0
57.55184973803944,58.093109039313006,1,1
48.83511647368965,24.499737084836536,1,0
61.600825123986134,57.37070670617672,1,1
66.78783807386856,57.57734114209904,1,1
49.214092040311805,69.01913148662501,1,1
33.20497207086596,51.91922005036113,1,0
39.48670981976721,48.57714307554852,1,0
45.93970845587285,54.02656981647161,1,0
51.695976763949346,40.49958119734183,0,0
55.06587671697276,57.15609067973091,0,0
46.27224205535247,47.863228294117846,1,0
40.701520516073494,55.50573593701598,1,0
68.62759686380282,54.74603923034761,1,1
41.61376326400469,48.110187554873754,0,0
41.25223775745632,73.40722611525678,0,1
43.11350091363233,52.38558070639547,1,1
62.09369178334763,41.640602238334914,0,1
48.13851781034351,41.87415485744733,0,0
56.248178230538755,40.629930187538925,0,0
45.906797854133146,47.52607060052564,1,0
46.532501089917574,46.039160339207314,0,0
71.77293447549066,36.64983754351976,1,1
61.71119064737571,57.733998160676116,1,1
48.13426746944636,42.17133489702509,1,0
35.5261866653691,41.27488723394364,0,0
46.693413376236684,38.08280866382657,0,0
54.52274377648579,55.34468535068511,0,0
45.74075400682434,56.952927266643854,1,1
45.26117130214281,58.93542205889109,1,1
38.74903672976971,50.90041583866958,1,0
61.72274959608068,53.26595959916356,1,1
46.18228803325957,43.59769504531986,1,0
43.40504563161572,39.418490075293136,1,0
43.72538833524298,51.54850448310384,0,0
67.44103184465979,55.28539201831401,1,1
34.71412017736333,62.34456978764691,0,1
52.68166949821974,28.12619085023957,1,0
48.05415336960332,47.033312633255285,0,0
46.677272987499116,66.99742742198643,0,1
49.18365639988756,46.47819551880413,0,0
40.086656077657494,45.788972278381685,0,0
58.83624548970972,54.8801348637601,1,1
66.25330309075196,59.026781426992486,0,1
36.99549771078086,31.99229298077364,1,0
50.49591827661586,42.21260484630847,1,1
46.007433540540376,49.145811671669335,0,1
45.567813075723045,47.40322036492471,0,1
56.03917041483375,51.95640528312316,1,1
50.283202636777645,49.84222311100329,1,1
39.13289188615273,44.13157320475814,0,0
56.28102969833705,53.01931685118704,1,1
43.52347243621954,46.08732285092459,1,0
42.82360862389459,48.50414684682624,1,0
57.14549761463506,48.61203599054464,1,0
40.777807228652854,56.76837654111007,1,1
50.81124583418503,43.08787562208883,1,1
65.54282441611026,55.56717976633419,1,1
37.02835703634278,53.34126247338234,1,0
64.81236591623595,53.76325957646575,0,1
48.17098432576073,53.46960296884481,1,0
59.36380134616622,49.621071682053106,1,1
36.74842844802238,54.95516524144896,0,0
36.604820764349626,27.740645820419225,0,0
45.99942566117474,58.60150795872546,0,0
36.58869967344289,50.44823131932285,1,0
53.42099481557381,47.74018454655938,1,1
32.04870803380132,25.70244702317455,1,0
82.87761187388739,68.22463342993791,0,1
60.6944738812419,38.514166847612614,0,1
52.410432778621114,45.66152476647428,0,0
46.29963387431803,70.02947084076285,1,1
37.754430597749106,61.79538267607738,0,1
64.1906441335752,51.29446642547444,1,1
57.67062689489702,43.04354549879804,1,0
45.467404740529574,43.867461853499286,1,0
38.848737373365125,40.49824537930205,1,0
42.987504555959234,52.872203451752796,1,0
54.32120243983769,36.83430207112785,1,1
36.900234456250004,53.30149949391939,1,0
63.762319706355726,48.144514654071465,0,1
21.798311777593092,56.68562616337127,1,0
59.61093457232083,51.64956875409025,1,1
49.299702231919554,39.67357301877942,1,0
38.754783203861045,51.53854228873499,0,0
33.933972646419946,39.07880090277604,1,0
73.8459780033147,53.44000106305036,1,1
56.44064922957223,51.69826672583687,1,1
52.65288344783808,43.67560961923825,0,1
55.063867472328944,65.15945146294234,1,1
52.66295356440624,61.849844476003156,0,1
54.68531256905124,31.837334998660044,1,0
48.78924567609446,51.65615125096722,1,0
42.21412953188288,27.006423037629386,1,0
50.375668587072525,48.72837203705868,1,1
51.29421676815301,36.01901985318125,0,0
55.21595160352507,41.14347602246735,0,1
62.08274740652139,51.135214964779415,0,1
52.50514203755597,53.67529047561412,0,1
57.67937663516537,63.83424078555975,1,1
58.14730721621682,63.70962760129293,1,1
44.47075983763766,45.66488178796467,1,0
53.16087822108934,68.29562596321239,0,1
48.026448446653355,47.8047341755286,1,0
51.60685498125653,48.896168193539644,1,0
40.91846051392329,52.47289999574252,1,0
43.561279888916474,52.25841834037307,0,0
41.16077050171654,43.86636399376764,0,0
55.24792575501322,32.927740054294475,1,0
37.78702615394775,63.93924530541073,1,0
56.12626377337112,65.97674996704983,0,1
54.30142974315371,44.92307229819909,1,0
44.37837658065273,43.385121147184805,1,0
65.04212900685229,51.00675503098934,0,1
48.66372270273229,37.566377393201094,1,0
40.9570481334841,62.074257491566485,1,1
51.01655761566029,55.068025945524745,1,1
44.05502277573277,54.806112152485944,0,0
46.07198983118858,76.70675374863065,1,1
50.11651707685245,49.25181579649415,0,0
43.03058539861903,63.22548462831661,0,1
47.928383109059595,46.31116897062976,0,0
62.5215903696611,52.30533667211339,0,1
57.13025850432949,34.69072367487354,0,1
57.422099624265,49.98428192626806,1,1
50.93458491766353,45.7139776305129,0,0
66.82647594013298,26.835551430725097,1,0
42.41536077069135,66.62777289179469,1,1
56.46083241211854,47.823845772823326,0,1
48.16011339897036,53.18159327409885,0,1
45.37370723407109,52.74513987493283,0,0
60.19928605427755,49.29526426122544,0,0
38.91825303515253,50.978264918522676,1,0
40.97682845405457,52.16305411248317,1,0
59.905668274427896,32.83502422856134,0,0
44.18419236772782,48.31860353950833,1,1
42.86807695633867,69.43584087377563,1,1
45.94988928549303,57.83731396752878,0,0
46.50137336923562,58.04787443527399,1,1
34.97734747659719,57.065207734206275,1,0
57.38566039202061,46.606641555839396,0,1
46.16905078840206,64.32988276709578,1,1
43.81011197152317,44.924686564742316,0,1
41.14673567781939,59.98726570083098,0,1
45.39433970240442,39.96212184536364,1,0
73.68334542400437,54.81145890765187,0,1
40.38237579226798,60.68161034875985,0,0
59.66917401075468,46.59980209376543,1,0
49.46787563727017,41.747871244542836,0,0
41.34790946147753,54.87086559115594,1,0
32.926570463504,42.58428741106492,0,0
46.96907280308274,67.47059144553515,1,1
60.248864327659305,55.172754273613066,0,1
46.57282223121855,51.10468755886136,1,1
63.461034238624805,49.55080461845567,1,1
49.42497031205084,27.917219801199074,0,0
43.166189634798705,47.12415852407903,0,0
44.803255217963645,63.82137994846674,1,1
49.06739334458236,44.866869109943394,0,0
47.64835121748903,66.34862851160347,1,1
58.0954188825294,55.23219011176937,0,1
45.055020261850224,61.41454578321271,0,1
53.36322969321281,39.17841864172005,0,0
51.860930208759356,61.82894938877925,1,1
48.39513779671437,50.20804023772544,0,0
50.23946382449261,50.171838503855284,0,0
59.21053128047925,61.418965369680095,0,1
38.11615329259929,59.16328953438571,0,0
40.235744602684015,37.94417648976245,0,0
51.46010609775727,59.89599329590471,1,1
41.62176938832218,58.54627310550703,1,0
55.4752653043562,48.914135231720564,0,1
67.48135572524285,38.03660100789788,1,0
35.49836832963298,51.980786170315994,1,0
43.39852132663524,47.750804604446486,1,0
47.313221224750436,33.478976683070655,1,0
54.22628617192566,33.179327163022144,1,1
47.09969598533807,58.719934654268634,0,0
58.98726774013644,49.41392924217528,1,0
47.462902649336016,59.944102812176304,1,1
29.760683890170554,54.027181892698216,1,0
55.721731310374636,53.86226064104582,0,1
30.366413567344793,50.07153256097487,1,0
35.17523484636357,41.484081674983976,0,0
50.18230997137117,38.645676909694316,1,0
66.75918787609376,46.1301516112184,0,1
53.600164652382254,54.24585096047145,0,1
45.514031268908795,51.893340361801656,1,0
52.35317168484637,13.64799772459898,0,0
42.07996425904756,47.0740525009239,1,0
20.332469312592693,44.79790986545919,0,0
47.194282934014474,46.77477880892943,0,0
24.2170714985947,61.8806187625106,0,0
67.3790476183525,41.14264399366245,1,1
55.52124584729843,58.20576811668947,0,1
32.94792392223983,29.055624732850973,0,0
47.57271410688971,31.644295231291252,0,0
63.46673001401146,40.375011650806776,0,1
60.17531423930626,60.40026719862688,1,1
65.56416035571766,50.39906694519761,0,1
43.663601340894225,52.31669939018727,0,0
62.28572082061997,43.65478676566059,1,0
65.40107823744032,33.86983186423031,1,0
59.13607217568034,47.97031656852115,1,1
32.59299393619665,48.785128945595886,1,0
48.86003447160374,33.53488613398059,1,0
38.962414373976834,60.38727899914912,0,0
52.30459880627633,51.008038704597745,1,1
46.52499700294089,48.7668840093384,0,1
65.78342677497285,30.20670305003598,0,1
51.676915348595614,49.90917205904314,0,0
50.43024485015127,51.41711790317509,1,1
54.819678270528925,45.123609265014196,1,0
50.74887584371558,51.73823525244848,1,1
50.20501729367668,56.56805828509481,1,1
53.731223970910094,50.820299293881156,1,1
51.31750109747292,41.936687811203896,0,0
47.32996238232968,65.91215290882293,1,0
49.63552679741962,45.11222955086593,0,0
46.669602242610814,51.16565656815336,0,0
63.44284575234596,31.744878910152902,1,1
66.75636293845562,53.268322094835206,0,1
19.814432294322074,42.331304748820884,1,0
51.78669775219072,45.11692213288508,0,1
38.63306881079185,66.70093900583089,0,1
41.14065074534889,44.606870763890214,1,0
44.108396120110584,47.980539312469816,0,0
49.27177567409658,62.37150975478716,0,1
39.29531756979929,50.1578477336065,1,0
35.735360885762546,46.13762911288632,1,0
59.45497304659395,39.6990492351051,1,0
49.0199903321666,33.059607187745954,0,0
40.31664136746441,52.6151859672583,0,0
69.4896311144762,62.78485207451672,0,1
45.40394701242519,60.170655439701534,1,1
45.6787895687058,53.66146525965682,0,0
52.6264198787169,54.38023605328097,0,1
48.052103787167646,58.95850880102806,0,1
42.58156838991525,54.46374244758536,1,1
48.38356205521389,48.3548546820383,1,1
51.6768133344924,54.01466858481545,0,0
49.894435651191465,52.661778652041804,0,1
30.962405943554067,45.9795069972521,0,0
62.53734786219734,38.77849438513586,1,0
45.02630466859737,39.891185034103984,1,0
53.92044503868506,60.68704980134618,0,1
53.493635534823795,53.28563115187516,1,1
48.98592170278136,36.87087023241761,1,0
43.92190019970342,47.59297428152691,0,0
59.385710670599394,29.564616461037645,1,0
48.1081966484108,37.48301951479857,1,0
66.1278023269704,35.22227892246683,1,1
46.34867062204216,42.01148455982704,0,0
36.196470645868146,40.08557715603843,0,0
58.892634247589754,60.36385908587025,0,1
65.09523992698854,30.162377905469555,0,1
50.79995855243582,44.67206786919553,1,1
42.72546075276882,48.01397844646516,0,0
50.33567648069006,38.78171199587416,1,0
59.11750123972265,49.84452846356425,1,1
48.094748103799624,47.820316150392706,0,1
25.293367171205993,50.17219582730561,0,0
61.408959771502744,45.53545521744952,1,1
50.83345350975092,51.660188478745724,0,0
54.82848745748109,41.87618645309961,0,1
36.146394815555055,45.85789219072468,1,0
55.59355409715436,43.30643903749705,0,0
50.682067826028366,43.05501589751949,1,0
45.19830415792766,53.520386129581205,1,0
48.604048728842486,37.44850932794842,0,0
56.371190404112276,40.91658748292015,1,0
46.31196734811131,57.23997032401904,0,1
48.964121053529354,51.44765491117641,1,0
67.05362356513083,51.700102189802095,1,1
61.738420203667026,57.10774025175194,1,1
56.55078017630526,44.98762042499922,0,0
65.35121739812652,48.75871625182296,0,1
52.669757831275604,26.018369047491024,0,1
53.673603491474864,32.76953970708769,1,0
49.23812388708983,58.760457766719284,0,1
51.21182151900678,55.36290062565469,1,1
60.32974234914031,56.71026011388849,0,1
63.15821840016223,44.177329374912226,1,1
52.606561547052024,41.902394584000675,0,0
43.31641836009111,40.56294568569924,1,0
54.532219022828976,40.560149846521114,0,0
66.7817992212487,45.22655141556166,1,1
47.13278305179937,55.76561120508995,0,1
51.71187143745663,63.212111260775764,0,1
38.37289560672239,35.25221458761605,1,0
49.351285589466386,40.78282163518085,0,0
54.50054671185146,38.285168700290136,1,0
47.143134519077364,70.19199252711265,1,1
34.85585937601879,49.53250546097298,0,0
49.10664134528954,60.452075820322506,0,1
32.737860380421104,40.82384010893668,0,0
47.389912758276864,46.29302084783818,1,0
61.932422751414315,56.160257087476715,0,1
46.66619944392335,59.96462615412983,0,1
45.370836205136726,53.941265104341475,1,0
37.18585020221974,29.970515861348073,0,0
47.86567302912076,50.46878543303311,1,1
34.297633459181554,59.513849835007704,0,1
50.91271898167573,41.75777560632547,1,1
53.841601779674775,62.9963128530344,1,1
46.63796263333236,55.86851538784868,0,1
58.730660663321,54.73045272838001,0,1
33.13123048626947,44.579164449521215,1,0
52.948306892096944,36.51572487219019,1,0
47.15812117845221,42.650481231646225,1,0
59.067842666754295,58.24701740786097,0,1
63.175408190174,41.94598329934419,0,0
42.52214895634018,60.75120748981757,1,1
55.27438651859997,50.39309198743465,0,1
41.03666667028004,51.89647954874898,0,0
46.72926569136214,55.7997217103361,0,0
57.5204638361883,41.090145580465695,1,1
16.244208998223996,51.91993788622268,1,0
50.20013805001611,54.044081540714174,1,1
56.48546747632998,61.87591818018013,1,1
47.058768196238304,53.663274835410775,1,1
59.93740262867957,47.794374655910104,1,1
58.72090195533784,62.04675935756926,1,1
38.32790514385641,41.46781881858121,1,0
61.78087368562174,37.106179108966074,0,0
66.5886969445533,49.25747892506918,0,1
52.38566126142076,34.52468917725554,0,0
42.36893646554525,51.607045512784616,1,0
51.36124634075844,33.20254673481004,1,0
38.847534636231856,70.5150946408558,1,1
38.91235104595005,39.91518572713684,0,0
54.61228261498798,51.06544676434374,1,1
51.27173919194286,58.80806853484222,1,1
65.33012542249183,54.02262344664378,1,1
51.870077214747205,40.81683862671599,0,0
27.26827797453168,53.08675294055617,1,0
50.54694865374626,59.06343235397152,0,1
52.638884943500216,46.77255447276658,0,0
54.91274020726283,37.51697198130682,0,0
51.03829235032698,54.664559729694126,0,0
55.6524712397473,46.54346343394331,1,1
36.693509169793735,56.42107758998613,1,0
56.72970206031918,66.54668315866707,1,1
46.99064707029867,78.24167009402728,1,1
56.92775769708238,47.94707478371486,1,1
53.90192610605403,38.028334073097696,1,0
43.04319255833485,73.0408978354919,0,1
51.28849621355914,50.658484975659185,0,1
32.109548457536775,50.68874639513769,1,0
19.66010637854731,25.812245329305796,1,0
57.91745274008722,52.06135379622604,1,1
39.57071738191262,43.328404499336735,0,1
56.756644532569766,23.82886882568789,0,0
60.994637713956536,51.720589223662586,0,1
49.96519151426798,41.58951569601706,0,0
49.20150846512204,60.56030371565714,0,1
69.22224560269453,47.40915940919369,0,1
64.60680332129137,54.559683998805895,1,1
59.224811702331095,60.278838914334095,1,1
45.701671768521464,66.34605511761201,1,1
37.295117544181785,54.38005258518727,1,0
53.4672401624195,56.64552414394182,0,0
25.39564177903795,43.797357033323216,0,0
65.20640096017044,37.193878546388916,1,0
70.06408637712937,50.9390648166045,0,1
57.26035999229334,46.59395922256233,1,1
55.88436180240307,38.64987901813931,0,0
63.07135423150714,44.50445604140414,1,1
65.092400198275,55.043190155645604,1,1
44.27413951873473,38.21003827043104,1,0
58.43790025881576,67.80638599477709,0,1
63.561067142103255,53.67819568443865,0,1
27.309227270475986,44.983533212035425,1,0
56.37898316259925,51.86927052554498,0,1
47.187875377117116,52.896698121381405,0,0
62.7103009943114,49.47552300350881,1,1
46.99430609414751,66.86006949770444,0,1
49.20603618614506,51.466325876461745,0,0
40.34332086152769,55.8783512186579,0,0
38.81768060643969,63.56728490712121,0,1
52.594199912631595,61.1854140933595,1,1
65.6235450937323,56.68964481718182,0,1
72.02243273372913,56.451834964809024,1,1
60.813169577685365,36.55653995169448,0,0
68.54987357480657,45.790664354162345,0,1
57.92137399145469,49.47445838079807,1,0
48.911513749308384,40.41920620358639,1,0
43.94009953915088,61.726975771850675,0,1
55.13609294415222,34.815780139907105,1,0
41.90264532610188,42.89308007532989,1,0
43.892373442682626,41.96469038572908,0,0
60.48794439671241,57.78682745725789,1,1
55.24584683047615,49.18929258991975,1,1
39.19732940219308,57.435106703345966,1,0
47.89465059647008,52.46117706376584,0,0
49.8166193336629,55.42504229664515,1,1
55.34703949636198,44.885624712174604,1,0
47.820490937564614,40.52577104981541,0,0
41.997067183926234,50.923814589989696,0,0
54.54331433152229,65.1901957253098,1,1
55.60761268005573,58.90408005186841,0,1
61.120468421032065,62.14884030183035,1,1
45.822448750791835,53.64601803704832,0,1
57.906723186907286,51.1274893807675,0,1
46.8016773587192,46.400944628167515,1,0
71.05856344363326,64.7737256063086,0,1
60.38386037159633,40.57036627550236,0,1
43.85576475552158,56.25076797004073,1,0
43.70625788793544,50.51717884813187,1,0
40.82738357822713,50.43204048685504,0,1
35.16194144966677,41.9960889570331,1,0
50.16700867267551,45.94412643252321,0,0
61.6729071738378,51.80321249177299,0,1
45.38254958653873,42.700033284199236,0,0
63.233409224899376,44.11308300530726,0,1
42.0217787855722,58.52015034908494,0,0
56.29085409014,58.71353675731017,0,1
53.1882704357953,37.730843237047594,0,0
46.33366121331067,57.462775936104094,0,0
53.142674218011834,43.8823213780728,0,0
46.50029919648711,64.65379427498519,0,1
57.854825898295765,39.560790197510165,1,0
76.25305580268912,65.63961336859704,0,1
61.33688498098509,56.651060515214795,0,1
52.99671977337926,44.303699234536225,0,0
44.543858436712476,67.49766505880831,0,0
38.97223626179681,69.24838362079865,1,1
29.384768878877505,45.99757717068115,1,0
50.850458602001815,49.8405027302323,1,0
48.58758178931468,40.503997559349955,1,1
64.44343411979945,52.862733367774425,1,1
51.73923511975153,49.16667799375653,1,1
28.063520737411267,60.38839711982094,1,1
50.366036565630786,58.61097989006673,1,1
57.04789442438987,34.05823674732396,1,1
42.413347984572276,55.25144658788271,0,1
52.608661747219756,51.13160011392783,0,1
49.618654311753595,52.61625263580771,0,1
46.89370760163119,41.09168319869218,0,0
71.05086639334502,41.6699174416056,0,1
48.07193912692588,61.38910611480048,1,1
40.07131294621302,46.652266752951725,1,1
58.6903127553084,55.427746739125624,0,1
41.77132395002022,43.348597007155874,1,0
32.623138017546566,28.39087397233278,1,0
38.15048058773925,64.92264509475059,0,0
47.86229751937651,58.76212579321663,1,1
42.53436647730089,63.53891859323426,0,1
41.48028754950026,52.4540974177134,1,0
46.3891283661313,38.787204085182154,1,0
42.55756633044429,59.28851246050224,0,0
57.906177188399774,46.434575713572144,1,1
57.184116977766294,44.33196547904183,1,1
49.09757118559678,51.405089042856055,0,1
50.00318611465068,63.58357166430605,0,1
49.24101214920339,57.168795348194514,1,0
46.90155098635927,59.49257301852909,1,0
63.53451561476118,78.74082698009914,1,1
49.87723466497824,69.12178047662954,0,1
41.47427411253501,48.19864395590149,0,0
36.449139342249936,35.84766069133528,1,0
34.489738180166796,52.49592476074383,1,0
54.1732930166044,40.62942323533866,0,0
64.74497367570515,48.5284469478314,1,0
51.36746502648463,56.9403261096794,1,1
59.9006123071636,62.959976706397896,1,1
49.124464535465606,21.24226572371725,1,0
30.97373763568558,58.7926390516656,0,0
51.69403074912069,43.212958678883886,0,0
54.35048371640444,64.98958462667531,1,1
49.499194011435335,56.74248308424765,1,0
38.99857583728964,46.917433702466134,0,0
52.31672684195061,45.60383846982994,0,0
31.750222530388832,72.44682255430256,0,1
39.965345742007095,68.28625262441825,0,1
65.58294956772448,50.14655909870127,0,1
56.089844464924354,51.01327176860468,0,1
51.63427820386131,46.001773164045325,0,0
48.82589699655131,62.58761239760069,1,1
48.27373646991522,62.85759036510566,0,1
51.842172295300934,51.36311295563668,1,1
49.958574150558455,47.526490728510865,1,0
42.95639675779118,64.77926736159536,0,0
41.35103887571577,46.27681646429516,1,0
49.73253698827075,37.081925463328844,0,0
46.408683718911256,54.45709140135367,1,1
35.49983643832467,47.371831767029406,1,0
59.167064725890185,39.7396475244476,1,0
31.743848214353537,61.49477060828529,1,0
36.612762938644266,53.017919306528725,0,0
48.48602508058591,52.53183695699299,0,1
51.06669655367045,77.53229510803207,0,1
53.708677924710244,28.38944002650729,1,0
49.48418742784422,58.937617973878304,0,1
45.70008591385161,43.799770509232886,1,0
40.373314655909745,46.854996066498,1,0
59.341414422336946,69.00831815065744,0,1
33.2691598749426,61.32096880834689,1,0
60.90244283658065,55.17000302513935,1,1
31.05418849527697,72.20321858004883,1,1
33.015494315997486,62.08439989136088,1,1
53.18837403380425,53.323463714720035,0,1
53.96319682007863,50.16036663013478,0,1
55.37983672150941,40.59064047357114,0,0
44.38949147977732,50.23385125156181,1,0
42.05340815854196,52.909134015923314,0,0
55.46398951667272,41.437118763397194,1,1
59.00775131790558,64.3163598693797,1,1
48.866452058927,45.17875715678531,0,0
39.92037765086362,51.55658297671741,0,0
46.531360120753895,64.39597927430135,0,1
67.84558888853586,66.5163894868588,1,1
46.95332166244344,68.65727355968457,0,1
42.03387430372021,68.48938618561859,1,1
44.7874519314387,59.46243671615314,0,1
46.9554197885177,62.03212782292285,0,1
46.079522173328854,41.34610494954773,0,0
48.306711428849525,57.422885075783036,1,0
41.181815010145804,56.209333956139915,1,0
55.73656963276715,50.20271892122288,0,1
61.11953360860409,46.06763590837154,0,1
57.23070324135578,55.85991768978782,0,1
53.530392484150006,55.11605090369021,1,1
63.493239278107396,43.45658128944896,0,1
56.53892610271024,52.594788230864765,0,1
39.12521831887632,49.23814330048081,0,0
59.84592894895797,47.20033867193471,1,1
41.67136724845465,50.19258967351126,0,0
32.63273182235561,49.211741205265454,0,0
82.84118201287885,37.7577499164442,0,1
51.18330218898202,40.44917711864173,1,0
48.15124822805409,65.45226445884819,1,1
56.99450090606542,39.58994781716213,0,1
50.77363730284097,61.433042743300135,0,1
50.69003500737061,72.31496335202466,0,1
66.7768409089981,51.48463681546889,1,1
38.63624833296143,55.452584830261195,1,0
48.782627462163745,46.93406925321618,1,1
63.697811019623785,56.12884071763184,1,1
36.291579551709944,45.80125837715642,1,0
55.98595091444392,63.30803915639862,1,1
57.85974098865461,44.4595561591192,0,1
42.19595394071372,60.02809751955141,0,1
58.03986495890503,55.20865692561573,0,1
55.95131185913769,56.7376883433626,1,1
46.609117054731726,39.58113067522632,1,0
54.489427181929976,61.926062049773165,0,1
44.226579842916664,51.414789529346734,1,1
60.825370086829096,40.40149697783705,0,1
55.053890117321366,35.2685412335347,1,0
70.69947739069679,44.36933800204898,0,1
60.44386051876579,56.68248123941353,1,1
54.91739640756221,68.18278703742821,0,1
79.69509507745664,62.93933523105714,1,1
65.94920208086015,29.25040319104697,1,1
39.44979244622816,46.22130546038649,1,0
50.42263064964979,48.50319052084683,0,0
46.17221598290441,45.10055979026038,0,0
61.974885400381744,40.97585279255875,1,1
33.811774280135594,47.898443958091256,1,0
54.551756698688244,48.17076701587409,0,0
34.94720823838559,40.353424111049435,0,0
42.71670731578259,57.750894117456404,1,1
47.62687765804782,48.33160332306079,0,0
55.99578627813753,42.27326609339543,0,1
51.56090738456852,55.43524332550028,1,1
37.6902150319474,55.65200217084599,0,0
52.56719172795741,44.832324324537105,1,0
62.588862057428216,47.75693172056354,1,1
44.28071453801567,71.50310793331211,0,1
50.469362984152276,46.48486623241101,1,1
74.40923965456534,44.932958237897616,0,1
27.43274894710581,42.47280758096932,0,0
42.79846022978433,57.6705021849271,1,1
54.78681180650937,42.29773016889858,1,0
57.911400043558835,51.90923731755106,0,1
54.513228247434114,43.28619556355048,0,1
62.688076563169574,48.7144896561487,0,1
44.09778033694365,41.91736174933075,1,1
56.084916486780784,44.16439452103926,1,1
51.83454226472233,65.09546862612632,1,1
56.67218939304529,26.86140504393125,1,0
66.14783254247328,50.486680431627526,0,1
55.333250306143476,41.50976567917965,1,0
54.41035834850763,48.037063822542336,1,1
43.23929284706391,42.740819140062214,1,0
54.12071137066024,62.014170317870246,0,1
36.822002478910264,37.756002267789704,0,0
55.2423017995203,47.01016002628159,1,0
41.962763391053144,46.530265468948826,0,0
41.355696863264626,40.88719943097041,1,0
62.36489512184177,41.63812885461675,1,1
42.519090171513376,54.17459031363166,1,0
54.37506203473036,54.94497531780321,1,1
56.49604865112886,49.76129031690547,0,1
64.94731007269304,77.28499745296607,0,1
53.70851892710997,67.70641872462673,1,1
55.3108513097595,44.4951173973237,1,0
43.41526404738744,54.64502165214213,1,0
45.675988127220386,57.159171404855655,0,1
55.5539886065174,40.16550236522029,1,1
68.50781142435733,32.093490070432864,0,1
36.90268025632368,37.09832585548543,0,0
61.829004893875236,42.527781677795154,1,1
47.30958908111918,58.93347262608146,0,1
55.8371141982395,40.6039048290215,0,0
42.303335909886115,52.56685230891479,1,0
35.79106014776556,55.39723679738307,0,0
29.489475921461448,50.291519123250126,0,0
51.43428937037324,40.088057823754454,1,0
48.998272312132436,52.87919621246,1,1
35.65419139095651,31.114765872845936,0,0
49.53503418873442,47.18976802723945,0,0
46.07770388655976,37.57580326167588,1,0
56.42717152631484,33.46040440383686,0,0
60.92537833608303,40.75355981551969,0,1
56.352455366039564,59.959549282264064,1,1
50.341438933402124,57.42903305433599,1,1
26.575216623346527,63.150480595242016,1,1
60.75103453808939,41.810475550262794,1,0
32.89824898608205,48.65846673007594,1,0
50.96897876034315,27.167195424727698,0,0
34.93077700861986,53.073093537363384,1,0
57.68194128105848,65.11322799203202,1,1
62.77876521041972,53.52011591090864,0,1
41.14971367737201,59.88526104647442,0,1
42.28109624814046,66.20158684956706,0,1
46.9436794521432,25.980530560494543,0,0
44.18556913657243,53.520248287892805,1,0
58.67156889100186,43.434230366530784,1,0
38.42287076058731,48.4424469141679,0,0
58.09861984870875,41.53280672073494,0,0
37.9567017282104,52.40487649467761,1,0
63.295342439705244,54.77296008809423,0,1
65.7980695740155,48.44073902517092,1,1
55.43339596999048,46.950187001516696,1,1
47.17875056862265,51.47010833612863,0,0
84.28910478008214,60.94166835615131,1,1
31.924103508185425,57.92905371837202,1,0
55.888319515419475,51.782397439050555,1,1
53.775547328379105,47.45625582973438,1,1
59.305333193245914,57.46373241825373,1,1
63.44433908083005,32.77277518434644,0,0
64.29519658525992,32.02856332370895,1,0
42.80527615662063,38.242655533330385,1,0
57.082662196574,65.08082850144021,1,1
46.7167905730944,51.11268519167489,0,1
51.13757683480277,54.113602775697075,0,1
45.93848583426197,52.122996176604765,0,1
58.9824457285623,51.46235279022361,0,1
51.593931977762225,59.07611811046768,0,1
51.66967623334163,64.00777276195652,0,1
51.151523144404756,68.2003481276744,1,1
57.26870523744936,45.972427100935825,1,1
49.23721848260417,59.23033437235729,0,1
63.354738978506546,58.43828774485625,1,1
48.7284397054327,54.19341872461625,0,1
43.380648200825725,52.76994331119101,1,1
50.150339255417904,47.292135030209366,0,1
46.457813840833595,46.705588952751654,1,0
64.65835978602964,52.14532918886416,1,1
46.049330938727906,58.881573217434415,1,1
49.29953556272035,67.96753465426491,1,1
50.073506749196994,26.64046381198564,0,0
46.85556209702371,68.28974756254354,1,1
34.96844930400398,66.1598167991793,1,0
60.90472169056994,35.830098603190095,0,0
40.34173229104036,60.048216917579126,1,1
35.45438594755275,29.907846559744385,1,0
59.328953551938085,38.57209305003599,0,0
49.18544012222121,67.09763251664573,0,1
36.32673538715044,59.08222524091729,1,1
34.90006829420793,48.7420737234167,0,0
54.414197598929505,52.10635445215058,0,1
49.916392127285434,44.19644997147269,1,1
44.939107088081116,41.37693063836319,0,0
49.8507462755704,50.016558556219515,0,0
50.18999082259871,58.19973642346786,1,1
50.661411151490015,61.41830927736233,1,1
41.38556570535714,42.106476340974226,1,0
46.577548698532084,56.22861484961496,1,1
56.38184040728213,40.10084686976451,0,0
61.11631474141052,45.81751084720169,1,1
43.44672476799206,72.62568808335318,1,1
59.16567613777701,60.98235803523426,1,1
46.18762712727126,67.82024112701473,1,1
54.20766562518586,42.35231710147467,0,1
46.68500611700486,58.88940005593037,1,1
44.1066343541482,55.794987376006446,1,1
57.59012970582189,53.010012339184755,0,1
51.23457556169143,52.60706161971275,0,1
51.04514036075821,58.058977770010685,1,1
43.78405954829316,38.61217063023787,1,0
44.262968557073485,49.187204519864146,1,0
43.09648133873711,38.75344311667006,1,0
53.62450868625611,57.58756192656039,0,1
44.84530726916141,61.84743898706681,1,1
49.078341891785236,49.72597709133496,1,0
69.42577178830632,31.92737690434266,0,1
50.43710396991984,64.8325888485659,0,1
50.35843294858049,49.022050029157974,1,0
65.30185623796561,61.38281444889579,1,1
64.35856464085899,54.98914400964414,0,1
53.80067440573832,43.244314714087835,0,0
54.290395675675484,74.63013688775024,1,1
36.68086889608914,45.83684742655972,1,0
46.91852370546862,48.344210274324055,1,0
51.86068432470547,59.19408428753647,0,1
47.48221326073621,47.08978526914706,0,0
48.27607300190769,30.516214932678487,1,0
35.42700712416168,56.252895125420686,0,1
52.81948873809051,62.849797147621686,1,0
47.58936777534219,55.83404915798191,0,1
49.57732001565207,72.40612120174282,0,1
48.25288962070026,40.415506187451925,0,0
37.53438033840574,73.07688227735451,0,1
42.93256818357647,46.967392223332936,1,0
56.879020828923984,20.461765145993756,0,0
49.93665859534744,45.29010189735997,0,0
53.94644083356666,57.37934926262155,0,1
44.24813550356484,41.969154192809405,0,0
65.57186632376758,54.27837860536044,1,1
49.38633959900087,44.83973468278272,0,0
52.41076078803295,59.999910050596114,0,1
30.50409827273967,47.57483550473978,1,0
59.71344284541482,47.691358888020645,0,1
41.67929532267203,44.13384264440248,1,0
53.27075218053307,52.0650562514583,1,0
45.24515258810557,43.47402090668512,1,0
40.19611748516525,52.752486875683644,1,1
67.28329380566333,41.869771478311776,0,1
58.052398579044066,53.35421320480369,1,1
55.487004763949,42.00257111889468,0,1
66.65252233944696,51.103354331593756,0,1
64.82832866385907,45.196403275086446,0,1
46.00929460756907,41.39997524877698,1,0
45.33772608282888,53.11389937696427,0,1
63.451171736117885,49.03855712075511,0,1
51.70415417593112,60.92055411438802,1,1
46.62973625318623,57.74773390074357,1,0
36.81907964204494,54.165235447151716,0,0
51.207704655513616,61.12060680033157,1,0
38.141850889850545,62.150656055916386,1,0
66.3995668182866,69.5532621614979,1,1
41.335522300476015,48.515705989358146,0,1
45.46646549899412,46.328564289527684,1,1
52.0103350371657,59.63737877173107,1,1
64.19844487373054,46.93005954116598,0,1
55.53627409358232,61.72894278631478,0,1
39.81746098582271,51.46992284288556,0,0
54.93195688489879,43.56849589877345,1,1
48.24641825605159,59.65573558793184,0,1
40.385281864894935,39.503258842432054,0,0
47.88110468801757,45.030368670794985,1,1
61.850069835830155,50.12814304566495,1,1
55.08763331049305,56.71259666077354,1,0
55.10252222405018,41.3116851211029,1,0
29.734222234005646,44.35697054189374,0,0
48.212931154365045,61.07823282416801,1,1
63.22617841260772,37.795857891889156,0,1
41.61419340518498,64.57101826227405,0,1
53.06789962461452,42.796116411995285,1,0
62.63539010796508,57.43009694050077,1,1
48.664742645475116,49.456591589633504,1,1
46.00575219013983,53.268524062609345,0,1
40.03810754404003,49.20877777615491,0,0
60.033658927291455,54.41239822170271,1,1
55.87694901867812,54.527625878480656,0,1
74.4125584526534,43.3221760571171,1,1
45.8646874119067,44.40345819174838,0,1
59.092873966936935,54.170804980086444,0,1
51.9805692588515,35.63348207820754,0,0
46.4145747243739,38.33082198628557,1,0
55.43256964974273,55.10066593171066,1,1
40.09263081258716,52.87682043675722,0,0
51.85396656467761,34.351455750445396,0,1
41.516221961178616,66.85744191973961,1,1
48.972325385124,44.72402657420949,1,0
58.606854213686304,49.02810456176564,1,1
72.7409356914324,50.65931108578901,0,1
55.77516954607212,48.46919495518597,1,1
56.20500899099163,46.774512897733786,0,1
36.74718628047559,57.63945363715466,1,0
56.57321095119539,59.01111781062171,1,1
34.72419058644241,56.521678851156864,0,1
59.820109861215904,60.27191560040414,1,1
48.04275020916117,65.47310983087678,0,1
57.33348007178181,37.71220649094986,1,0
16.78885444410861,45.596743153238094,1,0
53.56667607249847,38.95331643897893,0,1
44.32192157815895,51.11067473195633,1,1
55.64498204047497,36.643933333536395,1,0
44.03012968954468,68.17310819725607,1,1
44.435342221500235,38.67392709478746,0,0
61.74814057585692,48.56576783541071,1,1
37.34363554910189,53.60130951277563,1,1
43.74892579306347,49.58482030731928,0,0
59.66125325530311,45.30042126826849,0,1
45.82734634677607,49.92828789018673,0,0
51.35282508552318,54.47386296473427,1,0
61.587548345098696,55.83433569155965,1,1
62.655229214185404,22.454783716016273,0,0
43.7615975131274,34.92414865236063,1,0
40.58618513860735,57.00221911282289,0,0
56.87550719592494,56.81660651397439,0,1
65.59182290482352,50.78077713895989,1,1
46.11492932881147,49.48286888691954,0,0
45.774315809787815,35.94140314134535,0,0
55.67217905433873,45.923394214340654,1,0
39.140368292582934,36.36896919418406,1,0
47.54692513812198,49.47517317689286,1,0
65.48008220818693,47.100788469749844,0,1
48.46191222118964,63.06280475728203,0,1
60.893798361546075,49.46766332436568,1,1
37.97328492228008,52.87267929120792,1,0
41.06419032021989,61.256799321234624,0,1
51.07525000430799,39.43729592251894,0,0
53.899455993834366,43.63269440891943,1,1
41.95638498237383,44.24509786903879,1,0
50.11369908798494,39.231830263729435,0,1
62.9375315586596,54.62252329293048,1,1
46.726744249276045,46.70603544037457,1,0
50.8036232596303,53.53393797458957,1,0
39.171594711316565,41.84688885211892,0,0
41.48382759813292,42.12448559371293,0,0
55.71102628591368,57.074872072053616,0,1
56.16579352307271,43.71902164920217,0,0
57.49698021444869,66.51914336867378,0,1
36.89354215695627,44.29924660815346,0,0
54.67090943993575,41.33993291017374,1,0
54.868420689674906,41.68028891921469,0,0
46.17000785516542,53.58736143996616,0,0
34.9250108339825,52.715822001535926,0,0
35.823602427725945,67.91782273613359,0,0
54.51347547864633,46.96077352384627,0,1
48.38714566338855,46.99681857434527,0,0
66.01992654613413,42.324929633261895,0,1
62.78873764700375,48.09514302194894,0,1
75.46054535942793,58.51342122173137,1,1
47.87280083069081,68.14649167323077,1,1
44.774790705903634,63.51088946337002,0,1
76.90315007288694,48.55413232673552,1,1
52.02074506161313,42.10753405113803,1,0
52.53683554298097,46.41605516971976,0,1
61.76010985197706,66.49191323334462,0,1
38.36997142216556,41.56403387468287,1,0
60.27552713675157,59.11813593570802,1,1
46.52010450404417,60.16643207315882,1,1
48.18139934209838,94.79084251025756,0,1
52.8191802075105,51.92798792506269,0,1
52.991997660888956,48.93867992387684,1,1
50.076731933215065,43.25062143086502,1,0
58.427740300990266,51.00735808121345,0,0
38.57057453616785,33.86098544521008,1,0
42.273631103469,40.89801293772089,0,0
45.97689977247278,57.004970631581635,0,1
46.46347445118449,32.540309675250185,1,0
40.712636844672154,59.0511918316939,1,0
49.98485497051954,29.131514706840626,0,0
45.95484915358305,65.73136022042902,0,1
64.2326492106566,48.622141388077196,0,1
52.850347420993614,55.92521009760872,1,0
74.26178003841775,47.9149356904625,1,1
51.84768650249024,42.77403218598522,0,0
51.69685090857751,34.889064515474765,0,0
34.59242191684638,46.83342235263356,1,0
56.46045343428732,30.02952563382025,0,0
53.51961074208056,41.708410775146,0,0
44.6991041399513,50.11208153195899,1,0
36.193478298898604,38.92538591372309,1,0
49.254073229919236,41.40561813204689,0,0
34.2776945592187,45.878388549517865,1,0
63.66746736694397,49.01127374340518,1,1
41.444723120593764,51.49995089907739,1,0
44.4720908245482,52.296430555677965,1,1
67.99738291727098,50.61343664240864,1,1
54.59575488311066,37.23381799755339,1,0
50.17969915016471,51.44052231526497,1,0
45.65179387133886,52.86015807634625,1,0
47.213436661206906,33.785473754477785,1,0
43.95970114525229,55.64864132155959,0,0
43.294568385833166,44.24662631956921,0,0
62.37369793563599,54.87313163053316,1,1
62.84080276542287,46.85039587545255,0,0
50.39569724133648,47.28884851638091,0,0
61.84299431156725,43.17459953846454,0,1
64.67375988327679,51.79523301537461,1,1
48.643987600991174,54.515474912395064,0,1
61.763440561714546,60.678566772943995,0,1
53.497478152479815,58.235461198419735,0,1
49.46948008074894,66.09541657038369,1,1
55.54142926512749,52.55784252326365,1,1
52.73311249585164,51.75365240655334,1,1
45.09051050268134,52.75093476943754,0,0
57.00209847518765,39.053079559726285,1,1
40.05228282068305,56.292381802952406,1,1
59.918537005078576,60.09294955779809,1,1
65.12067949141453,41.96079655760579,0,1
52.611845412796285,44.866033192239385,1,1
70.56585820707596,52.83224958610718,1,1
67.62473164869613,51.555794692306385,1,1
43.72949154552649,40.25939843081778,1,0
68.30743824831262,51.480574138908146,0,1
62.86947286116419,59.59496076599441,0,1
52.7194059094054,46.51892654798703,1,0
46.12511336730309,42.49741192308263,1,0
59.07979757805134,32.27972171575958,1,0
51.61513499238407,42.44024708684988,1,0
35.490870714059874,46.684062210684544,1,0
45.56478400162885,50.41179516948935,1,0
46.5153380863802,42.19956841850048,0,0
49.99521281931494,48.00070076881583,1,0
75.80291898690774,61.32956164806137,0,1
53.095556467671514,50.288488947931846,1,0
51.30129438098042,62.91052232702434,1,0
48.335144157184544,48.247566370356886,0,0
42.712098036226166,41.193935402183506,1,0
33.049822070246925,53.93378344469712,0,0
46.92422610436256,40.5518550975828,0,0
56.0950989621244,28.035537383569007,0,0
68.16793236662373,44.64754296059605,0,1
61.10753172414642,72.3542743475696,1,1
52.14925964776706,47.32808434344712,0,0
61.62648058686193,39.800312812323114,0,1
40.44245642177356,56.01936237103242,0,0
40.62046591155108,34.266530503942604,0,0
57.76293590747322,59.36506606057008,1,1
51.80338690663888,51.60562118297419,1,1
61.12292449891728,34.82926963094367,0,0
57.05513386060247,61.28545777531187,1,1
47.98961228133365,54.79354258818502,1,1
61.003928922787296,39.2949186536458,1,1
38.2961640189566,65.6958406628108,1,1
63.05582715810523,40.039550598301076,0,0
35.487807837400645,48.486370964242575,0,0
56.63273381264478,72.08046047543547,0,1
56.098125198747525,51.97368462234691,0,0
50.66094246298976,60.910279091914774,1,1
52.458192218163894,49.99868313773062,0,0
69.9412374073444,48.370878066237644,0,1
61.568039489134726,55.66177390770172,0,1
28.66880782281889,44.44599600557661,0,0
64.0943442405091,46.931682556114055,1,1
33.28667732365228,21.816957137978214,0,0
68.96888747872082,45.527756403224764,1,1
54.21360254306708,44.15506567205601,0,0
38.508203977832196,50.41080864094754,1,0
69.29269996621282,61.42054592352247,1,1
52.48545105118987,44.84606201884579,0,1
46.7426110681738,67.75037021127466,1,1
49.26015218463731,48.18339072814195,0,0
33.15995982203835,43.931746582136014,1,0
35.93189455395128,57.95021459269172,0,0
66.04934501753903,47.46359546107498,1,1
57.344258528096674,43.84686117926292,1,0
47.95292766477712,64.84434038440229,0,1
61.12798195612906,46.51572049708406,0,1
45.07115087616282,59.662787392346715,0,1
50.85339775794894,45.06900539023706,0,0
52.80891126601171,46.933117844795,1,0
64.31588905214112,48.62835089125883,1,1
51.804681418312065,48.89598836098411,1,0
57.40421214047751,47.63466747903876,1,1
48.39961326420656,56.06237193496288,1,1
47.1412774502088,59.7333744961342,0,1
57.63142300709657,41.12037063398378,1,0
50.72249134236203,55.13675215793306,0,1
41.67610555030557,50.88822962278788,1,0
34.7927847036588,45.99134664990298,1,0
46.32977581368373,35.56884710822189,1,0
39.944440288162525,27.60208369633879,1,0
51.43589825479492,50.32115455432321,0,0
56.81993299254145,50.723755156148925,1,1
41.84212274831428,22.162837762019013,1,0
52.89784478658222,62.61498990802384,0,1
43.9247909007929,42.242140106874004,1,0
40.322476604529,51.650252624387115,1,0
58.32092018373946,46.05909521019423,0,1
53.68352003840971,44.68224299038363,1,0
49.05727282769034,55.514365381755454,0,1
40.2490114421306,47.37183157473885,0,0
50.031979906152884,50.06924721043714,1,1
50.73219450312465,52.69603694063244,1,0
56.79373170574121,58.47928753355282,1,1
57.903910765354695,27.70424425888123,1,0
47.382192776572936,34.94928125746196,1,0
39.16403455327462,43.788652012037595,1,0
54.01429659367462,65.51377721009493,1,1
49.113938936513904,51.91442047344609,1,0
44.47249212933678,38.88149293335971,1,0
46.11588759011225,58.87308962459746,1,1
44.02721064153752,49.00449316815032,0,0
40.79416774163523,35.97070927586889,0,0
60.75390554416414,48.786913286104195,0,1
40.471389594136994,51.336788382376234,0,1
42.14682079736762,48.05919867666905,0,0
60.53121452523803,63.33638561859827,1,1
62.21165750004087,39.528156447517716,0,1
55.396547743450704,49.96251466198149,1,1
40.80101829553846,45.37500846800031,0,0
50.4646127315419,47.99555017322775,1,1
50.50913695535473,58.55735320860841,1,1
39.86394157645531,30.13709388129579,1,0
51.17517619158097,66.85870152221523,1,1
58.4355029122212,58.99829496132957,1,1
54.18911611372786,56.96930634962757,1,1
44.49466031799299,56.33195178671915,1,0
55.67330476986629,71.00987189813111,1,1
42.271662691110365,50.47672894622296,0,0
51.73067648570554,46.750205557386735,1,0
54.73336675554967,59.59253376449038,0,1
45.64806667802207,50.807137267264466,0,1
49.30148131816357,55.71530696900742,0,0
62.983344897754165,77.00866469549595,0,1
42.86371106795533,55.74561717536715,1,1
62.74063583516149,68.6803292495911,1,1
59.772633703031225,55.96299785461213,0,1
22.326745773976022,67.009715194165,0,1
45.30270203510402,41.22644264845106,1,0
43.764031196673606,45.23800839601013,0,0
60.27959002257798,49.03638714411777,0,1
62.833545772882054,73.42857008287407,0,1
32.04017265415977,42.31233171439307,1,0
63.71098813911922,50.37963728210635,0,1
47.99783333508344,36.64173154849478,0,0
56.46320163135825,61.629025725441394,1,1
33.776793867062345,65.27308224194599,0,1
48.19192554912774,63.011298521785726,1,1
61.11145215204463,36.48452545735766,0,0
41.863354248624475,48.487009602302926,1,0
37.212641451807436,42.941959448843505,0,0
52.36542193614863,59.32828704092198,1,0
48.75543370285578,51.40293425700544,0,1
56.62306896647968,53.23755067231493,1,1
46.837034636351554,41.16010101077998,0,0
55.69876375979523,43.518675661122224,0,0
36.84561734112738,45.86189881378103,1,0
41.65661813417337,52.96133589885605,1,0
57.53601109159814,67.84635606949772,0,1
43.42101511425259,54.77814152920655,1,0
67.83114519992506,33.13429756918565,1,0
47.45392013986117,69.93383500582414,0,1
44.56798499623663,54.67574912482157,1,1
45.33381031824354,49.150334031118526,0,0
65.8033977082297,43.126455656417065,1,1
55.32022432272786,54.1537962250599,1,1
46.32885829927689,39.62204526981816,1,0
50.940698411915236,47.17687958075071,1,0
53.966279392214574,44.982422388302794,0,0
48.271866481065935,59.22173456507086,1,1
41.73634714734131,42.68140790141936,0,1
56.70687170726233,35.735168433788346,0,0
45.61475494395018,34.82050885053297,0,0
56.25476000304051,56.13536129185188,1,1
57.03964676794234,59.60740011824035,1,1
53.28682349496483,51.82587804214336,0,0
58.41632255765075,37.267445481931404,0,1
44.70007068296525,58.34989427378586,0,0
45.48624768918656,51.44116362779682,0,0
50.39355754994195,55.282699389151055,0,1
36.75166944297365,61.00799805422717,1,0
48.79356965870165,48.50033708829139,1,0
41.51095343629535,46.294866434061305,1,0
32.57917542294036,58.18313736319962,1,0
38.38248699823589,43.39618629464461,1,0
36.39976423689406,58.63827344155767,1,0
47.66922807949178,48.81791554429054,0,0
47.46913158985889,36.43454947713461,1,0
54.37372674179668,44.29806402301847,0,1
47.573335385728775,35.352933183824334,0,0
68.55118573035347,38.44503957871236,1,1
53.0939044245982,54.653840768191756,0,1
49.01391600995323,49.883898855449566,1,0
38.18004478102175,41.34700724865149,0,0
60.686422195900846,42.65679997686626,1,1
31.484131657094135,50.66274737344235,1,0
48.7831131431273,35.12845764290229,1,0
47.6813149337421,47.384327767734646,1,0
63.48693198645512,55.634099508221325,0,1
41.39492673494689,57.86298230900278,0,1
49.52014205149419,54.58600453877631,1,1
32.14258718053737,46.302833152407075,0,0
55.22445210926694,54.52624029980121,0,1
38.58013929307319,43.91408194430721,0,0
52.19758083940143,30.699131306765675,1,0
57.75675299615689,55.1141525502188,0,1
35.602947033819646,54.37017622073419,1,0
65.35630978811031,48.10942079147625,0,1
55.37179814541736,49.295396595340044,1,0
37.77249721261825,53.19120841868541,0,0
58.14684437294069,51.60975497587155,1,1
35.527822207420414,45.93643148629577,1,0
49.70196218148559,49.01968928720212,0,0
46.79375523693189,51.69377469942707,0,0
50.97488939023697,35.61573281224596,1,0
74.85313924533686,67.3011676920884,1,1
41.952481862808625,25.846367379214705,1,0
38.703325406894635,47.199757670782304,0,0
50.744066719261475,42.31676506303372,0,0
59.19261091681292,69.44017650000441,1,1
45.652650318758084,59.19186153676954,1,1
50.956075441125776,42.40348239166622,1,0
64.71708898361891,65.16347465799197,0,1
27.800109124436236,48.64955398137226,1,0
53.06696942029838,41.07535032284342,1,0
41.53601694222312,47.50227387959617,1,0
57.99664515347575,53.00968376642411,1,0
39.54305029122088,63.21880992159802,0,1
46.94690846481435,50.914800059775686,0,1
39.6991394509557,26.168878189140766,0,0
62.76263987873554,42.91813838640417,0,1
51.11981932621258,37.84062182024098,0,0
39.76340253869286,57.74936107108474,1,0
42.57340834227622,55.35856942488638,0,1
51.215030098189345,58.50004267969593,1,1
53.384731053121115,50.798568357693036,0,1
67.29300866044757,32.616024214782136,0,0
42.96343622684917,32.662329099917514,0,0
53.61907836360988,52.759858494205396,1,1
58.258526698277095,46.80903965748976,1,1
52.15031942943456,43.72963490850155,0,1
46.79253628521154,46.45790238334551,1,0
62.752470129219724,65.65454659959113,0,0
47.15489695660778,46.80991969527147,1,0
44.1925890944355,49.629919059267664,0,0
50.05457844281314,41.385872708136574,0,0
43.551041413556625,46.22010254014782,0,0
51.18350201123436,64.50799466308739,0,0
50.62431703327443,53.536793758910484,0,0
60.04829149483237,61.64475847050006,0,1
56.490933843875005,55.921029832024914,0,1
37.674109358310844,42.27026565833379,1,0
44.51194977222832,55.844887886474616,0,0
63.951019065022976,34.9139054562029,1,0
52.916589331890464,50.8114383184962,0,0
51.70442998721363,44.69989241220034,0,1
53.243659742438005,34.624967817652745,1,0
48.363663291425084,55.91289589293473,1,0
43.14445428516495,65.83936440963484,0,1
36.8908799292784,51.418780426284954,1,0
56.42278256671032,36.180372150129955,0,1
65.38016281861633,55.86515157618,0,1
45.588233092062396,55.06811397663049,0,0
44.10421004063872,48.730121867950196,1,0
64.83890153767761,39.292456236614974,0,1
46.84036048647302,41.20846800906454,1,0
59.758368916238176,69.47328486904283,0,1
54.53274042133176,47.8452328383566,0,1
63.84871093794044,49.43493875340792,1,1
46.68760691121605,57.21921252408372,0,0
38.75834015238066,57.348113435104175,0,0
51.404669757348564,69.21237417089613,1,1
51.46214796377559,68.34431333140088,1,1
52.00394784876352,60.553530674710444,0,1
67.34762793123576,38.68494698647837,1,1
59.08763478124359,70.36042832840113,1,1
46.72366562690039,43.08665138837223,1,0
43.22988823209656,50.2002733980403,0,0
43.70800393029676,65.39356522600693,1,1
44.96836480953643,55.602808936789536,1,1
47.69289027515177,34.82048868156748,1,0
50.315890061525785,64.76743670788291,1,1
56.51330951995204,44.16279354310574,0,0
42.84487233877251,48.877362328087024,0,0
29.817658885688036,42.72534293766328,0,0
43.10723376847612,59.01764687940284,1,0
43.40940309485459,50.40428939833467,1,1
60.7562679401766,64.53634150874947,1,1
57.787743079777826,38.29337469799811,0,0
38.757999030530215,51.016077186900105,0,0
36.05702249795582,40.33265470123297,0,0
53.02962307498731,30.40818391264023,0,0
46.71275187033709,34.51416966378608,0,0
54.59637318074816,21.848763100941504,0,0
56.491477210704204,61.96133717091107,0,1
42.231379013786075,38.044246717765546,0,0
53.58299814932768,43.551910636065166,1,0
57.20989153430919,54.01058307693633,0,1
64.70661990652289,44.3332940703856,1,1
40.87321239304133,55.712830531642965,1,0
26.951428274037113,46.40244983394368,0,0
40.451309184159236,57.22495769442937,0,1
75.03237805069489,46.9613657051887,1,1
20.31631569764148,45.405245680473556,1,0
48.39549956734366,64.20271085267463,1,1
63.385195085812725,49.05756156475248,1,1
51.6179154060272,56.50489639988436,1,1
29.65644132115637,55.510601242159325,1,0
52.17473483014224,62.98541329769084,0,1
70.54809818638648,43.91562958608858,0,0
44.10576588513109,52.175134959387854,0,0
62.16165776782255,38.412069335753955,1,1
47.62276626652887,38.740491038646056,0,0
56.533683837958854,60.97422687422707,1,1
38.21820312665723,47.75759044451814,1,1
55.37975969826489,51.71039492637147,1,1
30.126897702735715,51.259238204854555,0,0
59.65264384380448,37.40704448119962,1,0
36.66782946049004,43.461029057680356,0,0
54.79510562941303,60.270044117876566,1,1
41.40895725949859,42.3784153697378,0,0
55.84953493086444,52.67696254358662,1,1
49.75302356915008,39.18890652175887,0,0
48.0799872973858,52.518694483180255,0,0
43.95319149872589,56.400560810329175,0,0
48.66609677888378,41.643987593122546,0,0
77.14816939486322,68.04410826698425,0,1
46.08700110101623,52.73594573261678,1,0
53.17362633255361,60.833921435833524,1,0
58.656746511673695,63.824333409054326,1,1
48.39095061723401,51.0413338802134,0,1
56.87763848561769,51.568987411985134,1,1
70.1780644879303,47.43644357146854,1,1
58.56459813148786,49.933214269473275,0,1
47.85479049664091,48.441909178180936,0,0
41.96639567234306,38.82858238795387,1,0
52.70084411347764,56.06149699758469,1,1
34.309009753067755,60.46879032323288,0,0
50.35371417088639,71.48239201957641,1,1
57.61174039051639,62.71696791522558,1,1
47.26847753480098,43.16139796653563,1,0
27.70323359270019,43.91176837576635,1,0
55.02234720351974,61.941481480131266,0,1
39.29679451348163,46.01407961086241,1,0
66.78055600452595,52.50147716035356,0,1
55.73558836877425,55.018520493598906,0,1
68.62869121400178,55.39041496752759,1,1
44.620560336668596,26.080181104438598,0,0
48.50364055748207,62.80352020837135,1,1
38.83059115897636,56.121568069555515,0,0
50.21713018484843,38.12869667716676,1,0
51.66338865950656,43.27781127447595,1,1
41.28409528931572,55.066364549090025,1,0
39.53380891906498,39.998610787600434,0,0
53.27592731142958,51.12685200160374,0,1
67.56377987627992,49.718330915504474,1,1
69.62068361898528,54.70571459400298,0,1
67.53375198724316,61.602481318296185,1,1
70.3115871307323,32.03802244665449,0,1
44.98822863046965,42.8417408612525,0,0
40.319870354107195,39.02356636421389,1,0
57.45856518098577,53.67165405043045,0,1
73.33016418252689,62.22402161650503,1,1
25.69877624272644,34.98163075370162,0,0
41.13334965315625,68.18464378381593,1,1
50.567066488392655,58.531102644497395,0,1
35.45107834710689,31.310259241731234,1,0
37.51336575237373,41.7252324873817,0,0
48.12834452136139,52.463479529484985,0,1
41.5532273670675,33.036837648837775,0,0
59.49263174282309,55.51126604086956,1,1
50.389158280173305,46.09732469068382,1,1
36.88263307754875,49.78637627558523,0,0
37.277623727680364,38.5321690137345,0,0
64.06807528732965,47.77434929228587,0,1
46.43572879474921,56.141058052896845,1,0
44.628357376116796,69.8327265592076,1,1
56.69884490215741,37.841560171746316,0,0
42.302929007621444,54.330463786039466,1,1
42.83605706299254,37.03087386728018,0,0
56.09951387331977,40.977617972852336,0,1
38.18806460570502,40.903479741669614,1,0
42.550212325149445,59.43701634399841,0,1
58.50982678506765,41.51633463576909,1,0
29.64097429895224,38.66053664032196,0,0
49.276525248493286,45.127790583317775,0,1
58.25557074869565,41.27238929211462,1,0
44.03675310908079,56.84104990934741,1,1
49.94959129776471,52.775246844762954,0,1
70.01922459248361,37.158017890888395,0,0
59.944144200902386,32.40712979959423,0,0
51.638714017364556,35.42827301579044,0,0
66.71262460303635,51.93809008331118,0,1
40.884066234138544,53.059600244378366,1,1
60.73340176863545,37.324222954669224,1,0
57.9068621002584,50.617882702296484,0,0
48.4349616979079,58.56665119869407,0,1
39.148263216642555,67.12307728366923,0,1
56.29558366065836,64.21503285233094,1,1
56.89940276896087,57.53331171778212,0,1
49.927443015343385,61.90699617555005,1,1
65.58628017070086,52.4445444960555,0,1
43.03706420947605,39.7034474430758,0,0
73.74466283283992,56.67584960476608,1,1
56.79381373011906,50.25672315207612,1,0
34.29524954632029,59.151721507186224,1,0
60.40642442799668,64.769220222147,1,1
36.8571490219188,38.470980563526176,1,0
44.396468439401566,45.536015011844846,0,0
50.57754146667228,34.677782127596885,0,0
41.33026543567448,25.786202481227214,0,0
49.92291348517756,61.55732712120892,1,1
34.62973998872071,34.517383317691646,0,0
53.09054438104288,27.732384750427737,0,0
44.116599426923145,51.81459006942539,0,1
42.397155613784065,50.00160507407085,1,0
54.26156559646185,57.37528063466538,0,1
44.60570206221581,41.66252759280884,0,0
54.39669722273024,38.241890196608026,1,0
44.5064990879867,46.87868632458713,0,0
45.264766184458026,49.351907464388695,0,0
44.57303126097386,57.94926017673945,1,1
49.44898550267679,43.4136791904497,1,0
47.49166328188769,60.2719478824286,0,1
54.13754202947388,42.2636015506187,1,0
50.35295390745216,42.43219632979133,0,0
67.81399716600858,53.94820020412177,1,1
54.86287304740895,68.87858987958639,0,1
59.43193303477794,43.3831012903368,1,1
52.422911858023184,46.411736290564505,1,1
35.68885857228745,62.11639625649167,0,0
59.177721505515,41.33429445574504,1,0
34.23691003228754,56.93697955013145,1,0
50.55208008992333,50.62446976663129,0,0
37.18509027131176,47.44793865560376,0,0
36.56790609416099,55.63816559386504,1,0
44.75331219434636,34.748943589856395,0,0
64.38195585208749,43.816031470393476,0,1
48.12298394125963,51.66793664530993,0,0
45.88826604446684,37.825006737841335,0,0
54.459477771253034,38.59421510511446,0,0
44.149368286034004,59.084142390861615,0,1
54.28811180433006,60.97075306412628,0,1
55.5168023225597,19.057107509086105,0,0
45.268925866394774,37.57379855055085,1,0
40.34603789867077,49.61348231172675,0,0
54.52496456102682,52.52876657515667,1,1
51.35518002791795,45.07555887587783,0,0
52.753962341432086,50.38894516236244,1,1
59.361535941282106,51.11694130106675,1,1
44.820327007834905,36.42176792934558,1,0
47.84169244563846,45.35076985635279,1,0
57.85126585460055,45.36215628621892,1,1
48.77031053365631,42.25315942336155,0,0
25.076103484169327,62.08323285947233,1,0
38.64402734474476,51.326846191330766,1,1
51.63255626292165,38.64683718761227,0,0
32.5794605822817,38.511598803841366,1,0
42.968435377441864,46.483257571562284,0,1
54.404944961633376,55.43654128280607,1,1
50.069849162559386,51.39452466029197,0,0
45.97166571525196,69.40156631835063,1,1
53.092783851266944,49.17856954427135,0,0
59.76138690066921,30.206802051473048,0,0
63.801232895854,37.32663034033429,0,1
30.526601273380766,42.73110616795288,0,0
56.32582799642197,44.51603212188817,0,0
49.27522280405965,45.9640666301309,1,0
54.060851098744294,56.291352982577834,0,1
56.193492954346986,54.341269815409724,0,1
46.400889064333285,43.09661876656095,1,0
38.324991761192855,68.61914878150174,0,1
45.15044455122385,43.304476736241895,0,0
52.90087899635432,74.4178858532977,1,1
65.94761989043863,35.23769519690602,0,0
55.74386351133876,49.397192509720185,0,1
53.029718735872834,55.50812835183505,0,1
49.24972999603199,66.01898791589981,1,1
52.31541068813806,77.48782415910065,1,1
54.203098174852045,50.17068825199726,0,1
33.88997232114832,40.87674485933642,1,0
40.4989543085435,43.76283965083607,1,0
56.45598078959546,67.67928666839533,1,1
46.50575049364293,43.77872519643611,1,0
51.949677059907586,44.95284538164849,1,0
63.50993905727516,62.158735621989806,1,1
46.28935971099148,40.32745262018934,0,0
44.00644294947003,60.168308890128515,1,1
58.467711090082446,61.47520616632242,1,1
43.83972456282044,61.18168548373975,0,0
61.34768614866765,58.609101045414626,0,1
49.803192456717305,44.672989124450226,1,0
48.07393561239194,62.81495399253412,0,1
40.58466079732257,57.58282386117921,1,1
56.59849612104565,52.447846196034995,1,1
46.25609966793086,39.31975624108823,1,0
54.174470344108,47.537098573912,1,1
34.848850637505194,56.76101613649913,1,1
61.79424468140428,51.60692867464905,1,0
49.80469610532898,62.559370400156965,1,1
60.04930294067883,44.49142529671338,1,1
27.756158913911314,65.37854951326482,1,0
54.66066748278604,35.801746865424306,1,0
52.424501806358194,52.235994544459054,0,1
45.865611976234895,54.539358884037746,0,1
50.30849492756939,55.55858459317407,0,1
44.10240759332865,56.3695253999487,1,0
58.78654850180379,48.627882969557994,0,1
36.05471562134524,44.949827292548235,0,0
64.3995404142863,35.53117033239297,1,0
46.2922940333949,41.15723963639583,1,0
61.72967699164266,47.41041165232487,1,1
58.17534509845298,48.81465765971136,1,1
40.81383541476967,35.796982199293055,1,0
40.27549362312995,24.32414882066242,1,0
31.141353821357907,41.860282041094884,0,0
49.128516076645745,57.57754780208183,1,1
53.82033705716011,52.315187720464614,0,0
66.07019008249281,64.76114874565765,1,1
35.45385251422839,57.06896290918512,1,0
83.77768241289363,40.65391087409769,1,1
55.09045144797144,42.20543798747768,1,0
42.866890997197885,62.221941801067956,0,1
71.17730003008565,41.44467330094384,0,1
43.67192400777818,35.562816304049456,1,0
47.896423962230884,40.091392459832846,0,0
47.96831471015321,64.51375461070381,0,1
43.952811333645215,54.15311477240334,1,1
37.77637192995746,70.87272161793628,1,1
51.80496056078081,41.536530084873405,1,0
58.54437751140556,46.19946349399693,0,1
52.19308913132054,51.43286671882025,0,1
34.46543866336735,56.252284708731025,0,0
44.97090349961981,29.018125367287983,1,0
43.492063449315395,42.16158260915316,1,0
52.93008807258655,63.854377816563826,1,1
57.99246457517245,38.83080488087841,0,1
59.459409606394374,47.13698597105813,1,1
55.667603811176576,48.27968637884331,0,1
44.5383389578198,35.095071342631066,0,0
56.7549084726547,61.62989595677338,0,1
34.86720530842228,52.27313795492318,1,0
49.76606039756054,43.159539696209585,1,0
57.01882252059294,42.97167187064559,0,1
40.96706889220891,48.98802372682468,1,0
67.77294768030454,45.58622496705371,0,1
51.339418829520135,49.62113298978158,0,0
54.6446746972356,66.85064345333184,0,1
45.30869283872538,59.66092855356321,1,0
20.062933973393772,42.45395617606727,0,0
61.47802791759753,55.07932669962016,0,1
65.16288450556014,62.9171560752124,0,1
58.560480947755124,52.87296572749087,0,1
59.41066551451931,64.60818718289113,1,1
46.483398161657846,44.116384356932215,1,0
58.64391497406665,41.81524913869832,0,0
42.88680089453432,56.665425319826305,1,1
61.490146960524,54.06542138266695,1,1
50.723452173191816,51.99982199863687,0,1
55.58232106878303,51.79429521294933,0,1
64.74482007378256,40.10340712488731,1,0
52.03482003452287,40.40027480855959,0,0
63.65560370432178,63.74135824150109,1,1
37.87259385125195,47.96701755423195,0,0
51.731976427087474,61.574219459938256,0,1
33.962705249701045,54.766135070198146,0,0
53.36903263976616,58.549446510561495,0,1
48.75699061121501,55.57029622487803,0,1
44.09785387799511,33.8237854137385,1,0
